Interval,700_slope,4001_slope,4002_slope,4003_slope,4004_slope,4005_slope,4006_slope,4007_slope,4008_slope
0,0.0,,,,,,,,
0,,0.0,,,,,,,
0,,,0.0,,,,,,
0,,,,0.0,,,,,
0,,,,,-5.657948700613714e-34,,,,
0,,,,,,0.0,,,
0,,,,,,,5.657948700613714e-34,,
0,,,,,,,,1.1315897401227428e-33,
0,,,,,,,,,0.0
1,0.0,,,,,,,,
1,,0.0,,,,,,,
1,,,0.0,,,,,,
1,,,,0.0,,,,,
1,,,,,-5.657948700613714e-34,,,,
1,,,,,,0.0,,,
1,,,,,,,5.657948700613714e-34,,
1,,,,,,,,1.1315897401227428e-33,
1,,,,,,,,,0.0
2,0.0,,,,,,,,
2,,0.0,,,,,,,
2,,,0.0,,,,,,
2,,,,0.0,,,,,
2,,,,,-5.657948700613714e-34,,,,
2,,,,,,0.0,,,
2,,,,,,,5.657948700613714e-34,,
2,,,,,,,,1.1315897401227428e-33,
2,,,,,,,,,0.0
3,0.0,,,,,,,,
3,,0.0,,,,,,,
3,,,0.0,,,,,,
3,,,,0.0,,,,,
3,,,,,-5.657948700613714e-34,,,,
3,,,,,,0.0,,,
3,,,,,,,5.657948700613714e-34,,
3,,,,,,,,1.1315897401227428e-33,
3,,,,,,,,,0.0
4,0.0,,,,,,,,
4,,0.0,,,,,,,
4,,,0.0,,,,,,
4,,,,0.0,,,,,
4,,,,,-5.657948700613714e-34,,,,
4,,,,,,0.0,,,
4,,,,,,,5.657948700613714e-34,,
4,,,,,,,,1.1315897401227428e-33,
4,,,,,,,,,0.0
5,0.0,,,,,,,,
5,,0.0,,,,,,,
5,,,0.0,,,,,,
5,,,,0.0,,,,,
5,,,,,-5.657948700613714e-34,,,,
5,,,,,,0.0,,,
5,,,,,,,5.657948700613714e-34,,
5,,,,,,,,1.1315897401227428e-33,
5,,,,,,,,,0.0
6,0.0,,,,,,,,
6,,0.0,,,,,,,
6,,,0.0,,,,,,
6,,,,0.0,,,,,
6,,,,,-5.657948700613714e-34,,,,
6,,,,,,0.0,,,
6,,,,,,,5.657948700613714e-34,,
6,,,,,,,,1.1315897401227428e-33,
6,,,,,,,,,0.0
7,0.0,,,,,,,,
7,,0.0,,,,,,,
7,,,0.0,,,,,,
7,,,,0.0,,,,,
7,,,,,-5.657948700613714e-34,,,,
7,,,,,,0.0,,,
7,,,,,,,5.657948700613714e-34,,
7,,,,,,,,1.1315897401227428e-33,
7,,,,,,,,,0.0
19,0.0,,,,,,,,
19,,0.0,,,,,,,
19,,,0.0,,,,,,
19,,,,0.0,,,,,
19,,,,,0.0,,,,
19,,,,,,0.0,,,
19,,,,,,,0.0,,
19,,,,,,,,0.0,
19,,,,,,,,,0.0
20,0.0,,,,,,,,
20,,0.0,,,,,,,
20,,,0.0,,,,,,
20,,,,0.0,,,,,
20,,,,,-5.657948700613714e-34,,,,
20,,,,,,0.0,,,
20,,,,,,,5.657948700613714e-34,,
20,,,,,,,,1.1315897401227428e-33,
20,,,,,,,,,0.0
21,0.0,,,,,,,,
21,,0.0,,,,,,,
21,,,0.0,,,,,,
21,,,,0.0,,,,,
21,,,,,-5.657948700613714e-34,,,,
21,,,,,,0.0,,,
21,,,,,,,5.657948700613714e-34,,
21,,,,,,,,1.1315897401227428e-33,
21,,,,,,,,,0.0
22,0.0,,,,,,,,
22,,0.0,,,,,,,
22,,,0.0,,,,,,
22,,,,0.0,,,,,
22,,,,,-5.657948700613714e-34,,,,
22,,,,,,0.0,,,
22,,,,,,,5.657948700613714e-34,,
22,,,,,,,,1.1315897401227428e-33,
22,,,,,,,,,0.0
23,0.0,,,,,,,,
23,,0.0,,,,,,,
23,,,0.0,,,,,,
23,,,,0.0,,,,,
23,,,,,-5.657948700613714e-34,,,,
23,,,,,,0.0,,,
23,,,,,,,5.657948700613714e-34,,
23,,,,,,,,1.1315897401227428e-33,
23,,,,,,,,,0.0
24,0.0,,,,,,,,
24,,0.0,,,,,,,
24,,,0.0,,,,,,
24,,,,0.0,,,,,
24,,,,,-5.657948700613714e-34,,,,
24,,,,,,0.0,,,
24,,,,,,,5.657948700613714e-34,,
24,,,,,,,,1.1315897401227428e-33,
24,,,,,,,,,0.0
25,0.0,,,,,,,,
25,,0.0,,,,,,,
25,,,0.0,,,,,,
25,,,,0.0,,,,,
25,,,,,-5.657948700613714e-34,,,,
25,,,,,,0.0,,,
25,,,,,,,5.657948700613714e-34,,
25,,,,,,,,1.1315897401227428e-33,
25,,,,,,,,,0.0
26,0.0,,,,,,,,
26,,0.0,,,,,,,
26,,,0.0,,,,,,
26,,,,0.0,,,,,
26,,,,,-5.657948700613714e-34,,,,
26,,,,,,0.0,,,
26,,,,,,,5.657948700613714e-34,,
26,,,,,,,,1.1315897401227428e-33,
26,,,,,,,,,0.0
27,1.0954423339791074e-31,,,,,,,,
27,,0.0,,,,,,,
27,,,0.0,,,,,,
27,,,,1.7116286468423553e-33,,,,,
27,,,,,1.7116286468423553e-33,,,,
27,,,,,,0.0,,,
27,,,,,,,-1.7116286468423553e-33,,
27,,,,,,,,-1.7116286468423553e-33,
27,,,,,,,,,0.0
39,0.0,,,,,,,,
39,,0.0,,,,,,,
39,,,0.0,,,,,,
39,,,,0.0,,,,,
39,,,,,0.0,,,,
39,,,,,,0.0,,,
39,,,,,,,0.0,,
39,,,,,,,,0.0,
39,,,,,,,,,0.0
40,0.0,,,,,,,,
40,,0.0,,,,,,,
40,,,0.0,,,,,,
40,,,,0.0,,,,,
40,,,,,-5.657948700613714e-34,,,,
40,,,,,,0.0,,,
40,,,,,,,5.657948700613714e-34,,
40,,,,,,,,1.1315897401227428e-33,
40,,,,,,,,,0.0
41,0.0,,,,,,,,
41,,0.0,,,,,,,
41,,,0.0,,,,,,
41,,,,0.0,,,,,
41,,,,,-5.657948700613714e-34,,,,
41,,,,,,0.0,,,
41,,,,,,,5.657948700613714e-34,,
41,,,,,,,,1.1315897401227428e-33,
41,,,,,,,,,0.0
42,0.0,,,,,,,,
42,,0.0,,,,,,,
42,,,0.0,,,,,,
42,,,,0.0,,,,,
42,,,,,-5.657948700613714e-34,,,,
42,,,,,,0.0,,,
42,,,,,,,5.657948700613714e-34,,
42,,,,,,,,1.1315897401227428e-33,
42,,,,,,,,,0.0
43,0.0,,,,,,,,
43,,0.0,,,,,,,
43,,,0.0,,,,,,
43,,,,0.0,,,,,
43,,,,,-5.657948700613714e-34,,,,
43,,,,,,0.0,,,
43,,,,,,,5.657948700613714e-34,,
43,,,,,,,,1.1315897401227428e-33,
43,,,,,,,,,0.0
44,0.0,,,,,,,,
44,,0.0,,,,,,,
44,,,0.0,,,,,,
44,,,,0.0,,,,,
44,,,,,-5.657948700613714e-34,,,,
44,,,,,,0.0,,,
44,,,,,,,5.657948700613714e-34,,
44,,,,,,,,1.1315897401227428e-33,
44,,,,,,,,,0.0
45,0.0,,,,,,,,
45,,0.0,,,,,,,
45,,,0.0,,,,,,
45,,,,0.0,,,,,
45,,,,,-5.657948700613714e-34,,,,
45,,,,,,0.0,,,
45,,,,,,,5.657948700613714e-34,,
45,,,,,,,,1.1315897401227428e-33,
45,,,,,,,,,0.0
46,0.0,,,,,,,,
46,,0.0,,,,,,,
46,,,0.0,,,,,,
46,,,,0.0,,,,,
46,,,,,-5.657948700613714e-34,,,,
46,,,,,,0.0,,,
46,,,,,,,5.657948700613714e-34,,
46,,,,,,,,1.1315897401227428e-33,
46,,,,,,,,,0.0
47,1.0954423339791074e-31,,,,,,,,
47,,0.0,,,,,,,
47,,,0.0,,,,,,
47,,,,1.7116286468423553e-33,,,,,
47,,,,,1.7116286468423553e-33,,,,
47,,,,,,0.0,,,
47,,,,,,,-1.7116286468423553e-33,,
47,,,,,,,,-1.7116286468423553e-33,
47,,,,,,,,,0.0
59,0.0,,,,,,,,
59,,0.0,,,,,,,
59,,,0.0,,,,,,
59,,,,0.0,,,,,
59,,,,,0.0,,,,
59,,,,,,0.0,,,
59,,,,,,,0.0,,
59,,,,,,,,0.0,
59,,,,,,,,,0.0
60,0.0,,,,,,,,
60,,0.0,,,,,,,
60,,,0.0,,,,,,
60,,,,0.0,,,,,
60,,,,,-5.657948700613714e-34,,,,
60,,,,,,0.0,,,
60,,,,,,,5.657948700613714e-34,,
60,,,,,,,,1.1315897401227428e-33,
60,,,,,,,,,0.0
61,0.0,,,,,,,,
61,,0.0,,,,,,,
61,,,0.0,,,,,,
61,,,,0.0,,,,,
61,,,,,-5.657948700613714e-34,,,,
61,,,,,,0.0,,,
61,,,,,,,5.657948700613714e-34,,
61,,,,,,,,1.1315897401227428e-33,
61,,,,,,,,,0.0
62,0.0,,,,,,,,
62,,0.0,,,,,,,
62,,,0.0,,,,,,
62,,,,0.0,,,,,
62,,,,,-5.657948700613714e-34,,,,
62,,,,,,0.0,,,
62,,,,,,,5.657948700613714e-34,,
62,,,,,,,,1.1315897401227428e-33,
62,,,,,,,,,0.0
63,0.0,,,,,,,,
63,,0.0,,,,,,,
63,,,0.0,,,,,,
63,,,,0.0,,,,,
63,,,,,-5.657948700613714e-34,,,,
63,,,,,,0.0,,,
63,,,,,,,5.657948700613714e-34,,
63,,,,,,,,1.1315897401227428e-33,
63,,,,,,,,,0.0
64,0.0,,,,,,,,
64,,0.0,,,,,,,
64,,,0.0,,,,,,
64,,,,0.0,,,,,
64,,,,,-5.657948700613714e-34,,,,
64,,,,,,0.0,,,
64,,,,,,,5.657948700613714e-34,,
64,,,,,,,,1.1315897401227428e-33,
64,,,,,,,,,0.0
65,0.0,,,,,,,,
65,,0.0,,,,,,,
65,,,0.0,,,,,,
65,,,,0.0,,,,,
65,,,,,-5.657948700613714e-34,,,,
65,,,,,,0.0,,,
65,,,,,,,5.657948700613714e-34,,
65,,,,,,,,1.1315897401227428e-33,
65,,,,,,,,,0.0
66,0.0,,,,,,,,
66,,0.0,,,,,,,
66,,,0.0,,,,,,
66,,,,0.0,,,,,
66,,,,,-5.657948700613714e-34,,,,
66,,,,,,0.0,,,
66,,,,,,,5.657948700613714e-34,,
66,,,,,,,,1.1315897401227428e-33,
66,,,,,,,,,0.0
67,1.0954423339791074e-31,,,,,,,,
67,,0.0,,,,,,,
67,,,0.0,,,,,,
67,,,,1.7116286468423553e-33,,,,,
67,,,,,1.7116286468423553e-33,,,,
67,,,,,,0.0,,,
67,,,,,,,-1.7116286468423553e-33,,
67,,,,,,,,-1.7116286468423553e-33,
67,,,,,,,,,0.0
79,0.0,,,,,,,,
79,,0.0,,,,,,,
79,,,0.0,,,,,,
79,,,,0.0,,,,,
79,,,,,0.0,,,,
79,,,,,,0.0,,,
79,,,,,,,0.0,,
79,,,,,,,,0.0,
79,,,,,,,,,0.0
80,0.0,,,,,,,,
80,,0.0,,,,,,,
80,,,0.0,,,,,,
80,,,,0.0,,,,,
80,,,,,-5.657948700613714e-34,,,,
80,,,,,,0.0,,,
80,,,,,,,5.657948700613714e-34,,
80,,,,,,,,1.1315897401227428e-33,
80,,,,,,,,,0.0
81,0.0,,,,,,,,
81,,0.0,,,,,,,
81,,,0.0,,,,,,
81,,,,0.0,,,,,
81,,,,,-5.657948700613714e-34,,,,
81,,,,,,0.0,,,
81,,,,,,,5.657948700613714e-34,,
81,,,,,,,,1.1315897401227428e-33,
81,,,,,,,,,0.0
82,0.0,,,,,,,,
82,,0.0,,,,,,,
82,,,0.0,,,,,,
82,,,,0.0,,,,,
82,,,,,-5.657948700613714e-34,,,,
82,,,,,,0.0,,,
82,,,,,,,5.657948700613714e-34,,
82,,,,,,,,1.1315897401227428e-33,
82,,,,,,,,,0.0
83,0.0,,,,,,,,
83,,0.0,,,,,,,
83,,,0.0,,,,,,
83,,,,0.0,,,,,
83,,,,,-5.657948700613714e-34,,,,
83,,,,,,0.0,,,
83,,,,,,,5.657948700613714e-34,,
83,,,,,,,,1.1315897401227428e-33,
83,,,,,,,,,0.0
84,0.0,,,,,,,,
84,,0.0,,,,,,,
84,,,0.0,,,,,,
84,,,,0.0,,,,,
84,,,,,-5.657948700613714e-34,,,,
84,,,,,,0.0,,,
84,,,,,,,5.657948700613714e-34,,
84,,,,,,,,1.1315897401227428e-33,
84,,,,,,,,,0.0
85,0.0,,,,,,,,
85,,0.0,,,,,,,
85,,,0.0,,,,,,
85,,,,0.0,,,,,
85,,,,,-5.657948700613714e-34,,,,
85,,,,,,0.0,,,
85,,,,,,,5.657948700613714e-34,,
85,,,,,,,,1.1315897401227428e-33,
85,,,,,,,,,0.0
86,0.0,,,,,,,,
86,,0.0,,,,,,,
86,,,0.0,,,,,,
86,,,,0.0,,,,,
86,,,,,-5.657948700613714e-34,,,,
86,,,,,,0.0,,,
86,,,,,,,5.657948700613714e-34,,
86,,,,,,,,1.1315897401227428e-33,
86,,,,,,,,,0.0
87,1.0954423339791074e-31,,,,,,,,
87,,0.0,,,,,,,
87,,,0.0,,,,,,
87,,,,1.7116286468423553e-33,,,,,
87,,,,,1.7116286468423553e-33,,,,
87,,,,,,0.0,,,
87,,,,,,,-1.7116286468423553e-33,,
87,,,,,,,,-1.7116286468423553e-33,
87,,,,,,,,,0.0
99,0.0,,,,,,,,
99,,0.0,,,,,,,
99,,,0.0,,,,,,
99,,,,0.0,,,,,
99,,,,,0.0,,,,
99,,,,,,0.0,,,
99,,,,,,,0.0,,
99,,,,,,,,0.0,
99,,,,,,,,,0.0
100,0.0,,,,,,,,
100,,0.0,,,,,,,
100,,,0.0,,,,,,
100,,,,0.0,,,,,
100,,,,,-5.657948700613714e-34,,,,
100,,,,,,0.0,,,
100,,,,,,,5.657948700613714e-34,,
100,,,,,,,,1.1315897401227428e-33,
100,,,,,,,,,0.0
101,0.0,,,,,,,,
101,,0.0,,,,,,,
101,,,0.0,,,,,,
101,,,,0.0,,,,,
101,,,,,-5.657948700613714e-34,,,,
101,,,,,,0.0,,,
101,,,,,,,5.657948700613714e-34,,
101,,,,,,,,1.1315897401227428e-33,
101,,,,,,,,,0.0
102,0.0,,,,,,,,
102,,0.0,,,,,,,
102,,,0.0,,,,,,
102,,,,0.0,,,,,
102,,,,,-5.657948700613714e-34,,,,
102,,,,,,0.0,,,
102,,,,,,,5.657948700613714e-34,,
102,,,,,,,,1.1315897401227428e-33,
102,,,,,,,,,0.0
103,0.0,,,,,,,,
103,,0.0,,,,,,,
103,,,0.0,,,,,,
103,,,,0.0,,,,,
103,,,,,-5.657948700613714e-34,,,,
103,,,,,,0.0,,,
103,,,,,,,5.657948700613714e-34,,
103,,,,,,,,1.1315897401227428e-33,
103,,,,,,,,,0.0
104,0.0,,,,,,,,
104,,0.0,,,,,,,
104,,,0.0,,,,,,
104,,,,0.0,,,,,
104,,,,,-5.657948700613714e-34,,,,
104,,,,,,0.0,,,
104,,,,,,,5.657948700613714e-34,,
104,,,,,,,,1.1315897401227428e-33,
104,,,,,,,,,0.0
105,0.0,,,,,,,,
105,,0.0,,,,,,,
105,,,0.0,,,,,,
105,,,,0.0,,,,,
105,,,,,-5.657948700613714e-34,,,,
105,,,,,,0.0,,,
105,,,,,,,5.657948700613714e-34,,
105,,,,,,,,1.1315897401227428e-33,
105,,,,,,,,,0.0
106,0.0,,,,,,,,
106,,0.0,,,,,,,
106,,,0.0,,,,,,
106,,,,0.0,,,,,
106,,,,,-5.657948700613714e-34,,,,
106,,,,,,0.0,,,
106,,,,,,,5.657948700613714e-34,,
106,,,,,,,,1.1315897401227428e-33,
106,,,,,,,,,0.0
107,1.0954423339791074e-31,,,,,,,,
107,,0.0,,,,,,,
107,,,0.0,,,,,,
107,,,,1.7116286468423553e-33,,,,,
107,,,,,1.7116286468423553e-33,,,,
107,,,,,,0.0,,,
107,,,,,,,-1.7116286468423553e-33,,
107,,,,,,,,-1.7116286468423553e-33,
107,,,,,,,,,0.0
119,0.0,,,,,,,,
119,,0.0,,,,,,,
119,,,0.0,,,,,,
119,,,,0.0,,,,,
119,,,,,0.0,,,,
119,,,,,,0.0,,,
119,,,,,,,0.0,,
119,,,,,,,,0.0,
119,,,,,,,,,0.0
120,0.0,,,,,,,,
120,,0.0,,,,,,,
120,,,0.0,,,,,,
120,,,,0.0,,,,,
120,,,,,-5.657948700613714e-34,,,,
120,,,,,,0.0,,,
120,,,,,,,5.657948700613714e-34,,
120,,,,,,,,1.1315897401227428e-33,
120,,,,,,,,,0.0
121,0.0,,,,,,,,
121,,0.0,,,,,,,
121,,,0.0,,,,,,
121,,,,0.0,,,,,
121,,,,,-5.657948700613714e-34,,,,
121,,,,,,0.0,,,
121,,,,,,,5.657948700613714e-34,,
121,,,,,,,,1.1315897401227428e-33,
121,,,,,,,,,0.0
122,0.0,,,,,,,,
122,,0.0,,,,,,,
122,,,0.0,,,,,,
122,,,,0.0,,,,,
122,,,,,-5.657948700613714e-34,,,,
122,,,,,,0.0,,,
122,,,,,,,5.657948700613714e-34,,
122,,,,,,,,1.1315897401227428e-33,
122,,,,,,,,,0.0
123,0.0,,,,,,,,
123,,0.0,,,,,,,
123,,,0.0,,,,,,
123,,,,0.0,,,,,
123,,,,,-5.657948700613714e-34,,,,
123,,,,,,0.0,,,
123,,,,,,,5.657948700613714e-34,,
123,,,,,,,,1.1315897401227428e-33,
123,,,,,,,,,0.0
124,0.0,,,,,,,,
124,,0.0,,,,,,,
124,,,0.0,,,,,,
124,,,,0.0,,,,,
124,,,,,-5.657948700613714e-34,,,,
124,,,,,,0.0,,,
124,,,,,,,5.657948700613714e-34,,
124,,,,,,,,1.1315897401227428e-33,
124,,,,,,,,,0.0
125,0.0,,,,,,,,
125,,0.0,,,,,,,
125,,,0.0,,,,,,
125,,,,0.0,,,,,
125,,,,,-5.657948700613714e-34,,,,
125,,,,,,0.0,,,
125,,,,,,,5.657948700613714e-34,,
125,,,,,,,,1.1315897401227428e-33,
125,,,,,,,,,0.0
126,0.0,,,,,,,,
126,,0.0,,,,,,,
126,,,0.0,,,,,,
126,,,,0.0,,,,,
126,,,,,-5.657948700613714e-34,,,,
126,,,,,,0.0,,,
126,,,,,,,5.657948700613714e-34,,
126,,,,,,,,1.1315897401227428e-33,
126,,,,,,,,,0.0
127,1.0954423339791074e-31,,,,,,,,
127,,0.0,,,,,,,
127,,,0.0,,,,,,
127,,,,1.7116286468423553e-33,,,,,
127,,,,,1.7116286468423553e-33,,,,
127,,,,,,0.0,,,
127,,,,,,,-1.7116286468423553e-33,,
127,,,,,,,,-1.7116286468423553e-33,
127,,,,,,,,,0.0
139,0.0,,,,,,,,
139,,0.0,,,,,,,
139,,,0.0,,,,,,
139,,,,0.0,,,,,
139,,,,,0.0,,,,
139,,,,,,0.0,,,
139,,,,,,,0.0,,
139,,,,,,,,0.0,
139,,,,,,,,,0.0
140,0.0,,,,,,,,
140,,0.0,,,,,,,
140,,,0.0,,,,,,
140,,,,0.0,,,,,
140,,,,,-5.657948700613714e-34,,,,
140,,,,,,0.0,,,
140,,,,,,,5.657948700613714e-34,,
140,,,,,,,,1.1315897401227428e-33,
140,,,,,,,,,0.0
141,0.0,,,,,,,,
141,,0.0,,,,,,,
141,,,0.0,,,,,,
141,,,,0.0,,,,,
141,,,,,-5.657948700613714e-34,,,,
141,,,,,,0.0,,,
141,,,,,,,5.657948700613714e-34,,
141,,,,,,,,1.1315897401227428e-33,
141,,,,,,,,,0.0
142,0.0,,,,,,,,
142,,0.8289737337572152,,,,,,,
142,,,0.004651995431957778,,,,,,
142,,,,0.012585573628815704,,,,,
142,,,,,0.00420012963363067,,,,
142,,,,,,0.006029815735053539,,,
142,,,,,,,0.004192721997592524,,
142,,,,,,,,0.0032593598567856995,
142,,,,,,,,,0.00324454458470941
143,0.0,,,,,,,,
143,,-5.657948700613714e-34,,,,,,,
143,,,5.657948700613714e-34,,,,,,
143,,,,1.1315897401227428e-33,,,,,
143,,,,,0.0,,,,
143,,,,,,-1.1315897401227428e-33,,,
143,,,,,,,1.1315897401227428e-33,,
143,,,,,,,,5.657948700613714e-34,
143,,,,,,,,,5.657948700613714e-34
144,0.0,,,,,,,,
144,,5.657948700613714e-34,,,,,,,
144,,,0.0,,,,,,
144,,,,5.657948700613714e-34,,,,,
144,,,,,-5.657948700613714e-34,,,,
144,,,,,,0.0,,,
144,,,,,,,0.0,,
144,,,,,,,,0.0,
144,,,,,,,,,0.0
145,-0.0011111454057222306,,,,,,,,
145,,0.005126084138399336,,,,,,,
145,,,0.004185314361554366,,,,,,
145,,,,0.004192721997592524,,,,,
145,,,,,0.0018667242816136358,,,,
145,,,,,,0.0046445877959196205,,,
145,,,,,,,0.007918762924781624,,
145,,,,,,,,0.0037260409271891123,
145,,,,,,,,,0.0037112256551128215
146,0.0,,,,,,,,
146,,-5.657948700613714e-34,,,,,,,
146,,,0.0,,,,,,
146,,,,0.0,,,,,
146,,,,,0.0,,,,
146,,,,,,0.0,,,
146,,,,,,,-1.1315897401227428e-33,,
146,,,,,,,,0.0,
146,,,,,,,,,0.0
147,-0.0012698512334439228,,,,,,,,
147,,0.002352959638440786,,,,,,,
147,,,0.00234548992530287,,,,,,
147,,,,0.0018748979976147102,,,,,
147,,,,,0.0014117757830644662,,,,
147,,,,,,0.001404306069926563,,,
147,,,,,,,-0.00140430606992655,,
147,,,,,,,,0.0028235515661289325,
147,,,,,,,,,0.0023380202121649533
159,0.0,,,,,,,,
159,,0.0,,,,,,,
159,,,0.0,,,,,,
159,,,,0.0,,,,,
159,,,,,0.0,,,,
159,,,,,,0.0,,,
159,,,,,,,0.0,,
159,,,,,,,,0.0,
159,,,,,,,,,0.0
160,0.0006666872434336751,,,,,,,,
160,,0.00046668107040339897,,,,,,,
160,,,-0.002792678786382288,,,,,,
160,,,,-0.0018593166455754902,,,,,
160,,,,,-0.0004666810704034121,,,,
160,,,,,,-0.001392635575172078,,,
160,,,,,,,-0.001392635575172078,,
160,,,,,,,,-0.002800086422420433,
160,,,,,,,,,-0.0018519090095373315
161,0.0,,,,,,,,
161,,-1.1315897401227428e-33,,,,,,,
161,,,0.0,,,,,,
161,,,,5.657948700613714e-34,,,,,
161,,,,,-1.1315897401227428e-33,,,,
161,,,,,,5.657948700613714e-34,,,
161,,,,,,,-1.1315897401227428e-33,,
161,,,,,,,,0.0,
161,,,,,,,,,-5.657948700613714e-34
162,-0.0006666872434336751,,,,,,,,
162,,-0.002333405352017034,,,,,,,
162,,,0.0018667242816136223,,,,,,
162,,,,5.657948700613714e-34,,,,,
162,,,,,-0.0014000432112102102,,,,
162,,,,,,5.657948700613714e-34,,,
162,,,,,,,-1.1315897401227428e-33,,
162,,,,,,,,0.0014000432112102098,
162,,,,,,,,,0.00046668107040341204
163,3.621087168392777e-32,,,,,,,,
163,,1.1315897401227428e-33,,,,,,,
163,,,1.1315897401227428e-33,,,,,,
163,,,,5.657948700613714e-34,,,,,
163,,,,,1.1315897401227428e-33,,,,
163,,,,,,5.657948700613714e-34,,,
163,,,,,,,-1.1315897401227428e-33,,
163,,,,,,,,-5.657948700613714e-34,
163,,,,,,,,,-5.657948700613714e-34
164,-7.242174336785554e-32,,,,,,,,
164,,-5.657948700613714e-34,,,,,,,
164,,,-5.657948700613714e-34,,,,,,
164,,,,-5.657948700613714e-34,,,,,
164,,,,,5.657948700613714e-34,,,,
164,,,,,,0.0,,,
164,,,,,,,0.0,,
164,,,,,,,,2.2631794802454856e-33,
164,,,,,,,,,-5.657948700613714e-34
165,0.0038519707398375147,,,,,,,,
165,,-0.005600172844840893,,,,,,,
165,,,-0.006052038643168001,,,,,,
165,,,,-0.00652612734960956,,,,,
165,,,,,-0.0074668971264545275,,,,
165,,,,,,-0.006496496805456964,,,
165,,,,,,,-0.8368036050495388,,
165,,,,,,,,-0.006518719713571413,
165,,,,,,,,,-0.006489089169418807
166,0.0,,,,,,,,
166,,0.0,,,,,,,
166,,,0.0,,,,,,
166,,,,-1.1315897401227428e-33,,,,,
166,,,,,0.0,,,,
166,,,,,,0.0,,,
166,,,,,,,0.0,,
166,,,,,,,,0.0,
166,,,,,,,,,-1.1315897401227428e-33
167,-0.0008963655765489012,,,,,,,,
167,,-0.007992593057560733,,,,,,,
167,,,-0.007499591990458852,,,,,,
167,,,,-0.0070439394890465115,,,,,
167,,,,,-0.007529470843010477,,,,
167,,,,,,-0.007955244491871193,,,
167,,,,,,,0.8316031636432115,,
167,,,,,,,,-0.006580817274496267,
167,,,,,,,,,-0.0060803464942564825
179,0.0,,,,,,,,
179,,0.0,,,,,,,
179,,,0.0,,,,,,
179,,,,0.0,,,,,
179,,,,,0.0,,,,
179,,,,,,0.0,,,
179,,,,,,,0.0,,
179,,,,,,,,0.0,
179,,,,,,,,,0.0
180,0.0009629926849593788,,,,,,,,
180,,0.0060594462792061465,,,,,,,
180,,,0.003718633291150967,,,,,,
180,,,,0.003259359856785714,,,,,
180,,,,,0.005133491774437481,,,,
180,,,,,,0.00417790672551622,,,
180,,,,,,,0.003726040927189114,,
180,,,,,,,,0.0032593598567857004,
180,,,,,,,,,0.003244544584709409
181,7.242174336785554e-32,,,,,,,,
181,,0.0,,,,,,,
181,,,0.0,,,,,,
181,,,,1.1315897401227428e-33,,,,,
181,,,,,0.0,,,,
181,,,,,,1.1315897401227428e-33,,,
181,,,,,,,5.657948700613714e-34,,
181,,,,,,,,0.0,
181,,,,,,,,,5.657948700613714e-34
182,7.242174336785554e-32,,,,,,,,
182,,-0.0018667242816136351,,,,,,,
182,,,0.00046668107040339897,,,,,,
182,,,,0.0018667242816136223,,,,,
182,,,,,0.00046668107040341204,,,,
182,,,,,,0.00046668107040339897,,,
182,,,,,,,0.0004666810704034122,,
182,,,,,,,,0.0009333621408068244,
182,,,,,,,,,0.0018593166455754772
183,7.242174336785554e-32,,,,,,,,
183,,-5.657948700613714e-34,,,,,,,
183,,,0.0,,,,,,
183,,,,5.657948700613714e-34,,,,,
183,,,,,-5.657948700613714e-34,,,,
183,,,,,,-1.1315897401227428e-33,,,
183,,,,,,,0.0,,
183,,,,,,,,0.0,
183,,,,,,,,,1.1315897401227428e-33
184,3.621087168392777e-32,,,,,,,,
184,,0.0,,,,,,,
184,,,0.0,,,,,,
184,,,,5.657948700613714e-34,,,,,
184,,,,,0.0,,,,
184,,,,,,-5.657948700613714e-34,,,
184,,,,,,,-1.1315897401227428e-33,,
184,,,,,,,,5.657948700613714e-34,
184,,,,,,,,,1.1315897401227428e-33
185,0.0017037562887744799,,,,,,,,
185,,0.0009333621408068112,,,,,,,
185,,,0.0027926787863823024,,,,,,
185,,,,0.0028000864224204465,,,,,
185,,,,,0.0023334053520170477,,,,
185,,,,,,0.0018519090095373322,,,
185,,,,,,,0.002800086422420446,,
185,,,,,,,,0.0018593166455754767,
185,,,,,,,,,0.002318590079940744
186,-3.621087168392777e-32,,,,,,,,
186,,0.0,,,,,,,
186,,,5.657948700613714e-34,,,,,,
186,,,,0.0,,,,,
186,,,,,1.1315897401227428e-33,,,,
186,,,,,,-5.657948700613714e-34,,,
186,,,,,,,0.0,,
186,,,,,,,,1.1315897401227428e-33,
186,,,,,,,,,-1.1315897401227428e-33
187,0.00014939426275800867,,,,,,,,
187,,0.0014117757830644662,,,,,,,
187,,,-3.4232572936847105e-33,,,,,,
187,,,,0.0004705919276881597,,,,,
187,,,,,0.0009411838553763063,,,,
187,,,,,,0.0004705919276881466,,,
187,,,,,,,-0.0009411838553763063,,
187,,,,,,,,0.0004705919276881597,
187,,,,,,,,,0.0004705919276881466
199,0.0,,,,,,,,
199,,0.0,,,,,,,
199,,,0.0,,,,,,
199,,,,0.0,,,,,
199,,,,,0.0,,,,
199,,,,,,0.0,,,
199,,,,,,,0.0,,
199,,,,,,,,0.0,
199,,,,,,,,,0.0
200,0.00014815272076369395,,,,,,,,
200,,0.003259359856785713,,,,,,,
200,,,0.001392635575172065,,,,,,
200,,,,0.0018593166455754767,,,,,
200,,,,,0.001392635575172078,,,,
200,,,,,,0.001392635575172078,,,
200,,,,,,,0.001392635575172065,,
200,,,,,,,,0.001400043211210223,
200,,,,,,,,,0.001392635575172065
201,-7.242174336785554e-32,,,,,,,,
201,,5.657948700613714e-34,,,,,,,
201,,,-5.657948700613714e-34,,,,,,
201,,,,0.0,,,,,
201,,,,,0.0,,,,
201,,,,,,5.657948700613714e-34,,,
201,,,,,,,-5.657948700613714e-34,,
201,,,,,,,,1.1315897401227428e-33,
201,,,,,,,,,-5.657948700613714e-34
202,0.00148152720762936,,,,,,,,
202,,-0.003259359856785713,,,,,,,
202,,,-0.00046668107040339886,,,,,,
202,,,,-0.0009259545047686656,,,,,
202,,,,,-0.002325997715978889,,,,
202,,,,,,-0.001392635575172078,,,
202,,,,,,,-0.0013926355751720646,,
202,,,,,,,,-0.0009333621408068244,
202,,,,,,,,,-0.00045927343436525373
203,-3.621087168392777e-32,,,,,,,,
203,,-1.1315897401227428e-33,,,,,,,
203,,,2.2631794802454856e-33,,,,,,
203,,,,0.0,,,,,
203,,,,,-1.1315897401227428e-33,,,,
203,,,,,,-1.1315897401227428e-33,,,
203,,,,,,,5.657948700613714e-34,,
203,,,,,,,,-5.657948700613714e-34,
203,,,,,,,,,5.657948700613714e-34
204,-7.242174336785554e-32,,,,,,,,
204,,0.0,,,,,,,
204,,,-5.657948700613714e-34,,,,,,
204,,,,-5.657948700613714e-34,,,,,
204,,,,,-1.1315897401227428e-33,,,,
204,,,,,,5.657948700613714e-34,,,
204,,,,,,,5.657948700613714e-34,,
204,,,,,,,,-5.657948700613714e-34,
204,,,,,,,,,-5.657948700613714e-34
205,0.0005926108830514072,,,,,,,,
205,,0.006059446279206146,,,,,,,
205,,,0.005111268866323046,,,,,,
205,,,,0.00511867650236119,,,,,
205,,,,,0.00652612734960956,,,,
205,,,,,,0.005103861230284886,,,
205,,,,,,,0.004659403067995923,,
205,,,,,,,,0.005592765208802747,
205,,,,,,,,,0.005103861230284886
206,-7.242174336785554e-32,,,,,,,,
206,,-1.1315897401227428e-33,,,,,,,
206,,,-1.1315897401227428e-33,,,,,,
206,,,,0.0,,,,,
206,,,,,5.657948700613714e-34,,,,
206,,,,,,0.0,,,
206,,,,,,,0.0,,
206,,,,,,,,1.1315897401227428e-33,
206,,,,,,,,,-5.657948700613714e-34
207,0.0001493942627580087,,,,,,,,
207,,0.006588286987634172,,,,,,,
207,,,0.00797018391814701,,,,,,
207,,,,0.007043939489046512,,,,,
207,,,,,0.006117695059946011,,,,
207,,,,,,0.0070140606364948845,,,
207,,,,,,,0.006102755633670208,,
207,,,,,,,,0.007507061703596755,
207,,,,,,,,,0.0056097545665683346
219,0.0,,,,,,,,
219,,0.0,,,,,,,
219,,,0.0,,,,,,
219,,,,0.0,,,,,
219,,,,,0.0,,,,
219,,,,,,0.0,,,
219,,,,,,,0.0,,
219,,,,,,,,0.0,
219,,,,,,,,,0.0
220,-0.000740763603815101,,,,,,,,
220,,-0.0018667242816136358,,,,,,,
220,,,-0.002792678786382301,,,,,,
220,,,,-0.0032593598567856995,,,,,
220,,,,,-0.003266767492823859,,,,
220,,,,,,-0.002777863514305997,,,
220,,,,,,,-0.0027926787863823024,,
220,,,,,,,,-0.002792678786382301,
220,,,,,,,,,-0.0027852711503441427
221,0.0,,,,,,,,
221,,5.657948700613714e-34,,,,,,,
221,,,5.657948700613714e-34,,,,,,
221,,,,5.657948700613714e-34,,,,,
221,,,,,-1.1315897401227428e-33,,,,
221,,,,,,5.657948700613714e-34,,,
221,,,,,,,-5.657948700613714e-34,,
221,,,,,,,,-5.657948700613714e-34,
221,,,,,,,,,-5.657948700613714e-34
222,0.0015556035680116282,,,,,,,,
222,,-0.0037334485632272573,,,,,,,
222,,,-0.0023259977159788762,,,,,,
222,,,,-0.0037260409271891123,,,,,
222,,,,,-0.0028000864224204465,,,,
222,,,,,,-0.002785271150344142,,,
222,,,,,,,-0.0028000864224204465,,
222,,,,,,,,-0.002792678786382288,
222,,,,,,,,,-0.002318590079940744
223,-3.621087168392777e-32,,,,,,,,
223,,0.0,,,,,,,
223,,,-1.1315897401227428e-33,,,,,,
223,,,,5.657948700613714e-34,,,,,
223,,,,,0.0,,,,
223,,,,,,-5.657948700613714e-34,,,
223,,,,,,,0.0,,
223,,,,,,,,-5.657948700613714e-34,
223,,,,,,,,,-5.657948700613714e-34
224,7.242174336785554e-32,,,,,,,,
224,,-5.657948700613714e-34,,,,,,,
224,,,5.657948700613714e-34,,,,,,
224,,,,-1.1315897401227428e-33,,,,,
224,,,,,0.0,,,,
224,,,,,,0.0,,,
224,,,,,,,0.0,,
224,,,,,,,,1.1315897401227428e-33,
224,,,,,,,,,-1.1315897401227428e-33
225,-0.0020000617303001836,,,,,,,,
225,,-5.657948700613714e-34,,,,,,,
225,,,5.657948700613714e-34,,,,,,
225,,,,-1.1315897401227428e-33,,,,,
225,,,,,0.0009333621408068242,,,,
225,,,,,,0.0004666810704034121,,,
225,,,,,,,-0.0032593598567856995,,
225,,,,,,,,1.1315897401227428e-33,
225,,,,,,,,,-1.1315897401227428e-33
226,-3.621087168392777e-32,,,,,,,,
226,,-5.657948700613714e-34,,,,,,,
226,,,5.657948700613714e-34,,,,,,
226,,,,-1.1315897401227428e-33,,,,,
226,,,,,1.1315897401227428e-33,,,,
226,,,,,,-5.657948700613714e-34,,,
226,,,,,,,-5.657948700613714e-34,,
226,,,,,,,,1.1315897401227428e-33,
226,,,,,,,,,-1.1315897401227428e-33
227,0.0013445483648229274,,,,,,,,
227,,0.0014117757830644662,,,,,,,
227,,,0.001404306069926563,,,,,,
227,,,,0.0014117757830644662,,,,,
227,,,,,0.0014117757830644658,,,,
227,,,,,,0.0014043060699265495,,,
227,,,,,,,0.005169041491431788,,
227,,,,,,,,-3.4232572936847105e-33,
227,,,,,,,,,-0.0018748979976147102
239,0.0,,,,,,,,
239,,0.0,,,,,,,
239,,,0.0,,,,,,
239,,,,0.0,,,,,
239,,,,,0.0,,,,
239,,,,,,0.0,,,
239,,,,,,,0.0,,
239,,,,,,,,0.0,
239,,,,,,,,,0.0
240,0.0005926108830514071,,,,,,,,
240,,0.003266767492823845,,,,,,,
240,,,0.0018593166455754767,,,,,,
240,,,,0.0023259977159788762,,,,,
240,,,,,0.001866724281613622,,,,
240,,,,,,0.0023185900799407304,,,
240,,,,,,,0.0018593166455754897,,
240,,,,,,,,0.0023259977159788892,
240,,,,,,,,,0.0023185900799407304
241,-3.621087168392777e-32,,,,,,,,
241,,0.0,,,,,,,
241,,,0.0,,,,,,
241,,,,-1.1315897401227428e-33,,,,,
241,,,,,0.0,,,,
241,,,,,,-1.1315897401227428e-33,,,
241,,,,,,,1.1315897401227428e-33,,
241,,,,,,,,0.0,
241,,,,,,,,,1.1315897401227428e-33
242,0.001111145405723073,,,,,,,,
242,,0.0004666810704034121,,,,,,,
242,,,0.0018593166455754897,,,,,,
242,,,,0.0028000864224204465,,,,,
242,,,,,0.002800086422420446,,,,
242,,,,,,0.0018593166455754904,,,
242,,,,,,,0.0018667242816136223,,
242,,,,,,,,0.0023259977159788892,
242,,,,,,,,,0.001392635575172078
243,0.0,,,,,,,,
243,,0.0,,,,,,,
243,,,0.0,,,,,,
243,,,,5.657948700613714e-34,,,,,
243,,,,,0.0,,,,
243,,,,,,-5.657948700613714e-34,,,
243,,,,,,,5.657948700613714e-34,,
243,,,,,,,,0.0,
243,,,,,,,,,-1.1315897401227428e-33
244,-3.621087168392777e-32,,,,,,,,
244,,-1.1315897401227428e-33,,,,,,,
244,,,1.1315897401227428e-33,,,,,,
244,,,,-1.1315897401227428e-33,,,,,
244,,,,,0.0,,,,
244,,,,,,-5.657948700613714e-34,,,
244,,,,,,,0.0,,
244,,,,,,,,-5.657948700613714e-34,
244,,,,,,,,,-5.657948700613714e-34
245,0.00029630544152570355,,,,,,,,
245,,0.0032667674928238584,,,,,,,
245,,,0.0032593598567856995,,,,,,
245,,,,0.0037260409271891114,,,,,
245,,,,,0.0037334485632272573,,,,
245,,,,,,0.002318590079940744,,,
245,,,,,,,0.002792678786382288,,
245,,,,,,,,0.0032593598567857004,
245,,,,,,,,,0.002777863514305997
246,0.0,,,,,,,,
246,,-1.1315897401227428e-33,,,,,,,
246,,,-5.657948700613714e-34,,,,,,
246,,,,-5.657948700613714e-34,,,,,
246,,,,,0.0,,,,
246,,,,,,0.0,,,
246,,,,,,,-1.1315897401227428e-33,,
246,,,,,,,,1.1315897401227428e-33,
246,,,,,,,,,-5.657948700613714e-34
247,-0.00022409139413701298,,,,,,,,
247,,0.004705919276881558,,,,,,,
247,,,0.002808612139853126,,,,,,
247,,,,0.002352959638440786,,,,,
247,,,,,0.0018823677107526254,,,,
247,,,,,,0.003271734354403356,,,
247,,,,,,,0.0032866737806791888,,
247,,,,,,,,0.00234548992530287,
247,,,,,,,,,0.0009411838553763063
259,0.0,,,,,,,,
259,,0.0,,,,,,,
259,,,0.0,,,,,,
259,,,,0.0,,,,,
259,,,,,0.0,,,,
259,,,,,,0.0,,,
259,,,,,,,0.0,,
259,,,,,,,,0.0,
259,,,,,,,,,0.0
260,-0.0019259853699187574,,,,,,,,
260,,0.011192938053643629,,,,,,,
260,,,0.005577949936726444,,,,,,
260,,,,0.00419272199759251,,,,,
260,,,,,0.005126084138399337,,,,
260,,,,,,0.006029815735053552,,,
260,,,,,,,0.00558535757276459,,
260,,,,,,,,0.006052038643167986,
260,,,,,,,,,0.007422451310225632
261,-3.621087168392777e-32,,,,,,,,
261,,1.1315897401227428e-33,,,,,,,
261,,,-5.657948700613714e-34,,,,,,
261,,,,0.0,,,,,
261,,,,,-1.1315897401227428e-33,,,,
261,,,,,,0.0,,,
261,,,,,,,1.1315897401227428e-33,,
261,,,,,,,,-1.1315897401227428e-33,
261,,,,,,,,,5.657948700613714e-34
262,-0.00014815272076285177,,,,,,,,
262,,-0.002333405352017034,,,,,,,
262,,,0.0018593166455754897,,,,,,
262,,,,0.0018593166455754897,,,,,
262,,,,,0.00046668107040341204,,,,
262,,,,,,0.0,,,
262,,,,,,,0.0004666810704034122,,
262,,,,,,,,0.0009333621408068244,
262,,,,,,,,,-0.001392635575172078
263,7.242174336785554e-32,,,,,,,,
263,,0.0,,,,,,,
263,,,-5.657948700613714e-34,,,,,,
263,,,,0.0,,,,,
263,,,,,-5.657948700613714e-34,,,,
263,,,,,,0.0,,,
263,,,,,,,5.657948700613714e-34,,
263,,,,,,,,-1.1315897401227428e-33,
263,,,,,,,,,0.0
264,0.0,,,,,,,,
264,,0.0,,,,,,,
264,,,1.1315897401227428e-33,,,,,,
264,,,,0.0,,,,,
264,,,,,1.1315897401227428e-33,,,,
264,,,,,,0.0,,,
264,,,,,,,-1.1315897401227428e-33,,
264,,,,,,,,-1.1315897401227428e-33,
264,,,,,,,,,-1.1315897401227428e-33
265,0.0023704435322081546,,,,,,,,
265,,0.00419272199759251,,,,,,,
265,,,0.003251952220747555,,,,,,
265,,,,0.003259359856785713,,,,,
265,,,,,0.0037334485632272707,,,,
265,,,,,,0.00417790672551622,,,
265,,,,,,,0.014889348436680147,,
265,,,,,,,,0.0037186332911509795,
265,,,,,,,,,0.005096453594246727
266,0.0,,,,,,,,
266,,1.1315897401227428e-33,,,,,,,
266,,,1.1315897401227428e-33,,,,,,
266,,,,-2.2631794802454856e-33,,,,,
266,,,,,-1.1315897401227428e-33,,,,
266,,,,,,0.0,,,
266,,,,,,,-1.1315897401227428e-33,,
266,,,,,,,,0.0,
266,,,,,,,,,0.0
267,0.0020168225472348145,,,,,,,,
267,,-0.0018823677107526128,,,,,,,
267,,,-0.001874897997614723,,,,,,
267,,,,-0.002816081852991016,,,,,
267,,,,,-0.004235327349193399,,,,
267,,,,,,-0.002338020212164953,,,
267,,,,,,,-0.011256857698826176,,
267,,,,,,,,0.0009411838553762932,
267,,,,,,,,,0.0037423262820915296
279,0.0,,,,,,,,
279,,0.0,,,,,,,
279,,,0.0,,,,,,
279,,,,0.0,,,,,
279,,,,,0.0,,,,
279,,,,,,0.0,,,
279,,,,,,,0.0,,
279,,,,,,,,0.0,
279,,,,,,,,,0.0
280,-0.0005926108830514071,,,,,,,,
280,,0.027474922065495854,,,,,,,
280,,,0.003251952220747555,,,,,,
280,,,,-0.0018593166455754897,,,,,
280,,,,,-1.1315897401227428e-33,,,,
280,,,,,,0.0009259545047686659,,,
280,,,,,,,-0.001392635575172091,,
280,,,,,,,,-0.005111268866323018,
280,,,,,,,,,-0.0004592734343652406
281,-3.621087168392777e-32,,,,,,,,
281,,-1.1315897401227428e-33,,,,,,,
281,,,-1.1315897401227428e-33,,,,,,
281,,,,0.0,,,,,
281,,,,,-1.1315897401227428e-33,,,,
281,,,,,,-1.1315897401227428e-33,,,
281,,,,,,,-1.1315897401227428e-33,,
281,,,,,,,,2.2631794802454856e-33,
281,,,,,,,,,0.0
282,0.0013333744868665083,,,,,,,,
282,,-0.027941603135899253,,,,,,,
282,,,0.011141084601376599,,,,,,
282,,,,0.015815302941448825,,,,,
282,,,,,0.006059446279206159,,,,
282,,,,,,0.011126269329300307,,,
282,,,,,,,0.009763264298280823,,
282,,,,,,,,0.009296583227877398,
282,,,,,,,,,0.010185499552455322
283,-7.242174336785554e-32,,,,,,,,
283,,0.0,,,,,,,
283,,,2.2631794802454856e-33,,,,,,
283,,,,2.2631794802454856e-33,,,,,
283,,,,,0.0,,,,
283,,,,,,0.0,,,
283,,,,,,,0.0,,
283,,,,,,,,1.1315897401227428e-33,
283,,,,,,,,,0.0
284,0.0,,,,,,,,
284,,1.1315897401227428e-33,,,,,,,
284,,,0.0,,,,,,
284,,,,1.1315897401227428e-33,,,,,
284,,,,,0.0,,,,
284,,,,,,1.1315897401227428e-33,,,
284,,,,,,,1.1315897401227428e-33,,
284,,,,,,,,-2.2631794802454856e-33,
284,,,,,,,,,-2.2631794802454856e-33
285,0.0009629926849593788,,,,,,,,
285,,0.004659403067995936,,,,,,,
285,,,0.0037112256551127955,,,,,,
285,,,,-0.002792678786382288,,,,,
285,,,,,-0.02190437976480754,,,,
285,,,,,,-0.01157813512762739,,,
285,,,,,,,0.03159356770270689,,
285,,,,,,,,-0.00046668107040339886,
285,,,,,,,,,-0.00462977252384333
286,0.0,,,,,,,,
286,,1.1315897401227428e-33,,,,,,,
286,,,1.1315897401227428e-33,,,,,,
286,,,,0.0,,,,,
286,,,,,1.1315897401227428e-33,,,,
286,,,,,,-1.1315897401227428e-33,,,
286,,,,,,,-1.1315897401227428e-33,,
286,,,,,,,,0.0,
286,,,,,,,,,-1.1315897401227428e-33
287,-0.0005228799196538795,,,,,,,,
287,,0.00986002134203754,,,,,,,
287,,,0.006080346494256483,,,,,,
287,,,,0.002816081852991016,,,,,
287,,,,,0.015036532546607232,,,,
287,,,,,,-0.002338020212164953,,,
287,,,,,,,-0.03327010231623879,,
287,,,,,,,,0.0018748979976146956,
287,,,,,,,,,0.020078588914694617
299,0.0,,,,,,,,
299,,0.0,,,,,,,
299,,,0.0,,,,,,
299,,,,0.0,,,,,
299,,,,,0.0,,,,
299,,,,,,0.0,,,
299,,,,,,,0.0,,
299,,,,,,,,0.0,
299,,,,,,,,,0.0
300,0.0011111454057222306,,,,,,,,
300,,0.017244976696811628,,,,,,,
300,,,1.1315897401227428e-33,,,,,,
300,,,,0.00046668107040339886,,,,,
300,,,,,0.001866724281613636,,,,
300,,,,,,0.0,,,
300,,,,,,,2.2631794802454856e-33,,
300,,,,,,,,0.0009259545047686658,
300,,,,,,,,,0.0018519090095373315
301,-3.621087168392777e-32,,,,,,,,
301,,0.0,,,,,,,
301,,,1.1315897401227428e-33,,,,,,
301,,,,-1.1315897401227428e-33,,,,,
301,,,,,-1.1315897401227428e-33,,,,
301,,,,,,0.0,,,
301,,,,,,,2.2631794802454856e-33,,
301,,,,,,,,0.0,
301,,,,,,,,,0.0
302,0.0017778326491559053,,,,,,,,
302,,-0.009318806135991845,,,,,,,
302,,,0.007896540016667201,,,,,,
302,,,,0.010704034075125777,,,,,
302,,,,,0.006059446279206133,,,,
302,,,,,,0.0037112256551127963,,,
302,,,,,,,0.004185314361554352,,
302,,,,,,,,0.007918762924781622,
302,,,,,,,,,0.0046371801598814886
303,3.621087168392777e-32,,,,,,,,
303,,1.1315897401227428e-33,,,,,,,
303,,,-1.1315897401227428e-33,,,,,,
303,,,,-1.1315897401227428e-33,,,,,
303,,,,,0.0,,,,
303,,,,,,0.0,,,
303,,,,,,,0.0,,
303,,,,,,,,-1.1315897401227428e-33,
303,,,,,,,,,0.0
304,0.0,,,,,,,,
304,,1.1315897401227428e-33,,,,,,,
304,,,1.1315897401227428e-33,,,,,,
304,,,,0.0,,,,,
304,,,,,0.0,,,,
304,,,,,,-1.1315897401227428e-33,,,
304,,,,,,,0.0,,
304,,,,,,,,-1.1315897401227428e-33,
304,,,,,,,,,0.0
305,-7.407636038142589e-05,,,,,,,,
305,,-0.00046668107040339886,,,,,,,
305,,,-0.0009259545047686658,,,,,,
305,,,,-0.0009259545047686525,,,,,
305,,,,,-0.00885953270162658,,,,
305,,,,,,-0.008348405814994284,,,
305,,,,,,,0.013955986295873331,,
305,,,,,,,,-0.0046594030679959104,
305,,,,,,,,,-0.0032445445847093966
306,3.621087168392777e-32,,,,,,,,
306,,1.1315897401227428e-33,,,,,,,
306,,,1.1315897401227428e-33,,,,,,
306,,,,0.0,,,,,
306,,,,,1.1315897401227428e-33,,,,
306,,,,,,1.1315897401227428e-33,,,
306,,,,,,,1.1315897401227428e-33,,
306,,,,,,,,0.0,
306,,,,,,,,,0.0
307,0.0006722741824118882,,,,,,,,
307,,-0.00752200112987259,,,,,,,
307,,,-0.006558408135082547,,,,,,
307,,,,-0.0046984495637436416,,,,,
307,,,,,-0.009404368840625213,,,,
307,,,,,,-0.008418366706421437,,,
307,,,,,,,-0.023932960893854743,,
307,,,,,,,,-0.003749795995229445,
307,,,,,,,,,0.002338020212164953
319,0.0,,,,,,,,
319,,0.0,,,,,,,
319,,,0.0,,,,,,
319,,,,0.0,,,,,
319,,,,,0.0,,,,
319,,,,,,0.0,,,
319,,,,,,,0.0,,
319,,,,,,,,0.0,
319,,,,,,,,,0.0
320,-7.407636038142589e-05,,,,,,,,
320,,0.00652612734960956,,,,,,,
320,,,-0.0009333621408068242,,,,,,
320,,,,-0.0004666810704034121,,,,,
320,,,,,-0.002800086422420446,,,,
320,,,,,,-0.002318590079940744,,,
320,,,,,,,-0.0018667242816136358,,
320,,,,,,,,-0.002333405352017034,
320,,,,,,,,,-0.0018519090095373315
321,3.621087168392777e-32,,,,,,,,
321,,5.657948700613714e-34,,,,,,,
321,,,5.657948700613714e-34,,,,,,
321,,,,5.657948700613714e-34,,,,,
321,,,,,5.657948700613714e-34,,,,
321,,,,,,5.657948700613714e-34,,,
321,,,,,,,-1.1315897401227428e-33,,
321,,,,,,,,5.657948700613714e-34,
321,,,,,,,,,-5.657948700613714e-34
322,0.0003703818019071295,,,,,,,,
322,,-0.00652612734960956,,,,,,,
322,,,0.0023259977159788892,,,,,,
322,,,,0.003259359856785698,,,,,
322,,,,,0.0018667242816136223,,,,
322,,,,,,0.0023185900799407443,,,
322,,,,,,,0.0023334053520170472,,
322,,,,,,,,0.0009333621408068112,
322,,,,,,,,,0.0013852279391339329
323,0.0,,,,,,,,
323,,0.0,,,,,,,
323,,,-5.657948700613714e-34,,,,,,
323,,,,-1.1315897401227428e-33,,,,,
323,,,,,-1.1315897401227428e-33,,,,
323,,,,,,-1.1315897401227428e-33,,,
323,,,,,,,5.657948700613714e-34,,
323,,,,,,,,-5.657948700613714e-34,
323,,,,,,,,,-5.657948700613714e-34
324,0.0,,,,,,,,
324,,0.0,,,,,,,
324,,,-5.657948700613714e-34,,,,,,
324,,,,5.657948700613714e-34,,,,,
324,,,,,5.657948700613714e-34,,,,
324,,,,,,-1.1315897401227428e-33,,,
324,,,,,,,-1.1315897401227428e-33,,
324,,,,,,,,-5.657948700613714e-34,
324,,,,,,,,,-5.657948700613714e-34
325,0.0006666872434336751,,,,,,,,
325,,-0.00560017284484088,,,,,,,
325,,,-0.003251952220747555,,,,,,
325,,,,-0.004192721997592524,,,,,
325,,,,,-0.006066853915244305,,,,
325,,,,,,-0.005570542300688298,,,
325,,,,,,,0.009311398499953716,,
325,,,,,,,,-0.0018593166455754767,
325,,,,,,,,,-0.00324454458470941
326,-7.242174336785554e-32,,,,,,,,
326,,1.1315897401227428e-33,,,,,,,
326,,,1.1315897401227428e-33,,,,,,
326,,,,0.0,,,,,
326,,,,,-5.657948700613714e-34,,,,
326,,,,,,5.657948700613714e-34,,,
326,,,,,,,5.657948700613714e-34,,
326,,,,,,,,5.657948700613714e-34,
326,,,,,,,,,-5.657948700613714e-34
327,-0.0003734856568958709,,,,,,,,
327,,-0.0004705919276881597,,,,,,,
327,,,-0.0014117757830644662,,,,,,
327,,,,-0.0014117757830644662,,,,,
327,,,,,-0.0023529596384407724,,,,
327,,,,,,-0.001867428284476806,,,
327,,,,,,,-0.011742389052790164,,
327,,,,,,,,-0.0014117757830644662,
327,,,,,,,,,0.005146632352018079
339,0.0,,,,,,,,
339,,0.0,,,,,,,
339,,,0.0,,,,,,
339,,,,0.0,,,,,
339,,,,,0.0,,,,
339,,,,,,0.0,,,
339,,,,,,,0.0,,
339,,,,,,,,0.0,
339,,,,,,,,,0.0
340,0.0001481527207628518,,,,,,,,
340,,0.003266767492823859,,,,,,,
340,,,-0.00419272199759251,,,,,,
340,,,,-0.0037260409271891123,,,,,
340,,,,,-0.0037334485632272573,,,,
340,,,,,,-0.005103861230284886,,,
340,,,,,,,-0.005126084138399335,,
340,,,,,,,,-0.005126084138399322,
340,,,,,,,,,-0.004637180159881475
341,0.0,,,,,,,,
341,,0.0,,,,,,,
341,,,0.0,,,,,,
341,,,,5.657948700613714e-34,,,,,
341,,,,,5.657948700613714e-34,,,,
341,,,,,,-5.657948700613714e-34,,,
341,,,,,,,5.657948700613714e-34,,
341,,,,,,,,-5.657948700613714e-34,
341,,,,,,,,,5.657948700613714e-34
342,0.0015556035680116282,,,,,,,,
342,,-0.010733664619278374,,,,,,,
342,,,-0.001392635575172078,,,,,,
342,,,,5.657948700613714e-34,,,,,
342,,,,,-0.0028000864224204465,,,,
342,,,,,,-0.0018593166455754772,,,
342,,,,,,,-0.002333405352017034,,
342,,,,,,,,-0.0023259977159788892,
342,,,,,,,,,-0.0027852711503441427
343,-3.621087168392777e-32,,,,,,,,
343,,0.0,,,,,,,
343,,,0.0,,,,,,
343,,,,5.657948700613714e-34,,,,,
343,,,,,5.657948700613714e-34,,,,
343,,,,,,5.657948700613714e-34,,,
343,,,,,,,0.0,,
343,,,,,,,,1.1315897401227428e-33,
343,,,,,,,,,-5.657948700613714e-34
344,3.621087168392777e-32,,,,,,,,
344,,0.0,,,,,,,
344,,,0.0,,,,,,
344,,,,5.657948700613714e-34,,,,,
344,,,,,1.1315897401227428e-33,,,,
344,,,,,,-5.657948700613714e-34,,,
344,,,,,,,0.0,,
344,,,,,,,,-5.657948700613714e-34,
344,,,,,,,,,5.657948700613714e-34
345,-7.407636038142589e-05,,,,,,,,
345,,0.002333405352017034,,,,,,,
345,,,0.0018667242816136223,,,,,,
345,,,,0.001400043211210223,,,,,
345,,,,,-0.0023334053520170477,,,,
345,,,,,,-0.00046668107040341204,,,
345,,,,,,,0.009318806135991847,,
345,,,,,,,,0.002333405352017034,
345,,,,,,,,,0.001392635575172078
346,7.242174336785554e-32,,,,,,,,
346,,-5.657948700613714e-34,,,,,,,
346,,,5.657948700613714e-34,,,,,,
346,,,,-1.1315897401227428e-33,,,,,
346,,,,,-5.657948700613714e-34,,,,
346,,,,,,-1.1315897401227428e-33,,,
346,,,,,,,-5.657948700613714e-34,,
346,,,,,,,,0.0,
346,,,,,,,,,5.657948700613714e-34
347,-7.469713137900431e-05,,,,,,,,
347,,0.005647103132257865,,,,,,,
347,,,0.005624693992844141,,,,,,
347,,,,0.005639633419119962,,,,,
347,,,,,0.007992593057560733,,,,
347,,,,,,0.006558408135082544,,,
347,,,,,,,-0.0018748979976147097,,
347,,,,,,,,0.007514531416734672,
347,,,,,,,,,0.009352080848659837
359,0.0,,,,,,,,
359,,0.0,,,,,,,
359,,,0.0,,,,,,
359,,,,0.0,,,,,
359,,,,,0.0,,,,
359,,,,,,0.0,,,
359,,,,,,,0.0,,
359,,,,,,,,0.0,
359,,,,,,,,,0.0
360,-0.0005926108830522494,,,,,,,,
360,,0.018193154109694742,,,,,,,
360,,,0.011163307509491032,,,,,,
360,,,,0.01211148492237415,,,,,
360,,,,,0.0037260409271891114,,,,
360,,,,,,0.00417790672551622,,,
360,,,,,,,0.008852125065588448,,
360,,,,,,,,0.006992808420012957,
360,,,,,,,,,0.008815086885397696
361,0.0,,,,,,,,
361,,-1.1315897401227428e-33,,,,,,,
361,,,5.657948700613714e-34,,,,,,
361,,,,-1.1315897401227428e-33,,,,,
361,,,,,1.1315897401227428e-33,,,,
361,,,,,,0.0,,,
361,,,,,,,0.0,,
361,,,,,,,,0.0,
361,,,,,,,,,-5.657948700613714e-34
362,0.0015556035680116278,,,,,,,,
362,,-0.01352634340566067,,,,,,,
362,,,-0.006511312077533255,,,,,,
362,,,,-0.00046668107040339897,,,,,
362,,,,,-0.005126084138399335,,,,
362,,,,,,-0.004637180159881475,,,
362,,,,,,,-0.002800086422420446,,
362,,,,,,,,-0.0032593598567856995,
362,,,,,,,,,-0.007422451310225618
363,0.0,,,,,,,,
363,,5.657948700613714e-34,,,,,,,
363,,,0.0,,,,,,
363,,,,5.657948700613714e-34,,,,,
363,,,,,-5.657948700613714e-34,,,,
363,,,,,,-5.657948700613714e-34,,,
363,,,,,,,0.0,,
363,,,,,,,,0.0,
363,,,,,,,,,0.0
364,0.0,,,,,,,,
364,,-1.1315897401227428e-33,,,,,,,
364,,,1.1315897401227428e-33,,,,,,
364,,,,0.0,,,,,
364,,,,,-5.657948700613714e-34,,,,
364,,,,,,1.1315897401227428e-33,,,
364,,,,,,,5.657948700613714e-34,,
364,,,,,,,,-5.657948700613714e-34,
364,,,,,,,,,1.1315897401227428e-33
365,0.0003703818019079716,,,,,,,,
365,,0.0004666810704034121,,,,,,,
365,,,-0.0009259545047686658,,,,,,
365,,,,0.0009333621408068112,,,,,
365,,,,,-0.007000216056051116,,,,
365,,,,,,-0.005103861230284886,,,
365,,,,,,,0.007452081854378222,,
365,,,,,,,,-0.002333405352017034,
365,,,,,,,,,0.0009259545047686658
366,3.621087168392777e-32,,,,,,,,
366,,-5.657948700613714e-34,,,,,,,
366,,,1.1315897401227428e-33,,,,,,
366,,,,0.0,,,,,
366,,,,,-5.657948700613714e-34,,,,
366,,,,,,-5.657948700613714e-34,,,
366,,,,,,,0.0,,
366,,,,,,,,0.0,
366,,,,,,,,,1.1315897401227428e-33
367,-0.00014939426275885787,,,,,,,,
367,,-0.009411838553763104,,,,,,,
367,,,0.0004631222145502434,,,,,,
367,,,,-0.0014117757830644662,,,,,
367,,,,,-0.0014117757830644662,,,,
367,,,,,,-0.005624693992844143,,,
367,,,,,,,-0.01925692046952484,,
367,,,,,,,,0.0009411838553763063,
367,,,,,,,,,0.004212918209779676
379,0.0,,,,,,,,
379,,0.0,,,,,,,
379,,,0.0,,,,,,
379,,,,0.0,,,,,
379,,,,,0.0,,,,
379,,,,,,0.0,,,
379,,,,,,,0.0,,
379,,,,,,,,0.0,
379,,,,,,,,,0.0
380,-0.00014815272076285177,,,,,,,,
380,,-0.002333405352017034,,,,,,,
380,,,-0.0009333621408068112,,,,,,
380,,,,-0.0023334053520170407,,,,,
380,,,,,-0.0009333621408068112,,,,
380,,,,,,-0.0009333621408068177,,,
380,,,,,,,-0.0004666810704034056,,
380,,,,,,,,-0.001400043211210223,
380,,,,,,,,,-0.0018593166455754834
381,7.242174336785554e-32,,,,,,,,
381,,0.0,,,,,,,
381,,,5.657948700613714e-34,,,,,,
381,,,,0.0,,,,,
381,,,,,2.828974350306857e-34,,,,
381,,,,,,0.0,,,
381,,,,,,,5.657948700613714e-34,,
381,,,,,,,,2.828974350306857e-34,
381,,,,,,,,,2.828974350306857e-34
382,0.0004444581622893976,,,,,,,,
382,,-0.001400043211210223,,,,,,,
382,,,-0.002792678786382301,,,,,,
382,,,,-0.003733448563227258,,,,,
382,,,,,-0.0028000864224204465,,,,
382,,,,,,-0.0023185900799407373,,,
382,,,,,,,-0.0028000864224204465,,
382,,,,,,,,-0.002333405352017034,
382,,,,,,,,,-0.0023185900799407373
383,-3.621087168392777e-32,,,,,,,,
383,,0.0,,,,,,,
383,,,0.0,,,,,,
383,,,,2.828974350306857e-34,,,,,
383,,,,,2.828974350306857e-34,,,,
383,,,,,,0.0,,,
383,,,,,,,2.828974350306857e-34,,
383,,,,,,,,-2.828974350306857e-34,
383,,,,,,,,,-2.828974350306857e-34
384,0.0,,,,,,,,
384,,5.657948700613714e-34,,,,,,,
384,,,5.657948700613714e-34,,,,,,
384,,,,2.828974350306857e-34,,,,,
384,,,,,5.657948700613714e-34,,,,
384,,,,,,0.0,,,
384,,,,,,,-2.828974350306857e-34,,
384,,,,,,,,0.0,
384,,,,,,,,,-2.828974350306857e-34
385,0.0004444581622893975,,,,,,,,
385,,0.0004666810704034056,,,,,,,
385,,,0.0004666810704034055,,,,,,
385,,,,0.0004666810704034055,,,,,
385,,,,,0.0018667242816136286,,,,
385,,,,,,0.0,,,
385,,,,,,,-0.0018667242816136286,,
385,,,,,,,,0.0,
385,,,,,,,,,0.0004666810704034055
386,3.621087168392777e-32,,,,,,,,
386,,0.0,,,,,,,
386,,,0.0,,,,,,
386,,,,2.828974350306857e-34,,,,,
386,,,,,2.828974350306857e-34,,,,
386,,,,,,0.0,,,
386,,,,,,,0.0,,
386,,,,,,,,0.0,
386,,,,,,,,,2.828974350306857e-34
387,-0.00022409139413701298,,,,,,,,
387,,-0.0004705919276881532,,,,,,,
387,,,-0.00047059192768815315,,,,,,
387,,,,-0.000941183855376313,,,,,
387,,,,,-0.00047059192768815315,,,,
387,,,,,,-0.00046312221455025,,,
387,,,,,,,0.0014117757830644664,,
387,,,,,,,,-0.0009411838553763062,
387,,,,,,,,,-0.0018748979976147097
399,0.0,,,,,,,,
399,,0.0,,,,,,,
399,,,0.0,,,,,,
399,,,,0.0,,,,,
399,,,,,0.0,,,,
399,,,,,,0.0,,,
399,,,,,,,0.0,,
399,,,,,,,,0.0,
399,,,,,,,,,0.0
400,-0.000962992684959379,,,,,,,,
400,,-0.7715571468255192,,,,,,,
400,,,-0.7738164758171548,,,,,,
400,,,,-0.7743350103398253,,,,,
400,,,,,-0.0014000432112102233,,,,
400,,,,,,-0.0023259977159788892,,,
400,,,,,,,-0.0018667242816136286,,
400,,,,,,,,-0.0028000864224204396,
400,,,,,,,,,-0.0023259977159788892
401,3.621087168392777e-32,,,,,,,,
401,,0.0,,,,,,,
401,,,0.0,,,,,,
401,,,,0.0,,,,,
401,,,,,-1.4144871751534285e-34,,,,
401,,,,,,-5.657948700613714e-34,,,
401,,,,,,,0.0,,
401,,,,,,,,-2.828974350306857e-34,
401,,,,,,,,,-2.828974350306857e-34
402,0.001629679928393054,,,,,,,,
402,,0.768757060403099,,,,,,,
402,,,0.7700904348899658,,,,,,
402,,,,0.7668681132133711,,,,,
402,,,,,-0.004674218340072226,,,,
402,,,,,,-0.004651995431957778,,,
402,,,,,,,-0.004666810704034078,,
402,,,,,,,,-0.0037334485632272638,
402,,,,,,,,,-0.002318590079940741
403,3.621087168392777e-32,,,,,,,,
403,,-2.828974350306857e-34,,,,,,,
403,,,1.4144871751534285e-34,,,,,,
403,,,,1.4144871751534285e-34,,,,,
403,,,,,2.828974350306857e-34,,,,
403,,,,,,2.828974350306857e-34,,,
403,,,,,,,-1.4144871751534285e-34,,
403,,,,,,,,1.4144871751534285e-34,
403,,,,,,,,,1.4144871751534285e-34
404,7.242174336785554e-32,,,,,,,,
404,,-2.828974350306857e-34,,,,,,,
404,,,0.0,,,,,,
404,,,,-2.828974350306857e-34,,,,,
404,,,,,0.0,,,,
404,,,,,,2.828974350306857e-34,,,
404,,,,,,,0.0,,
404,,,,,,,,-1.4144871751534285e-34,
404,,,,,,,,,0.0
405,0.0021482144510638775,,,,,,,,
405,,-0.005607580480879038,,,,,,,
405,,,-0.0037260409271891123,,,,,,
405,,,,-0.005140899410475632,,,,,
405,,,,,-0.0037408561992654113,,,,
405,,,,,,-0.0032519522207475546,,,
405,,,,,,,-0.005133491774437484,,
405,,,,,,,,-0.004207537269668818,
405,,,,,,,,,-0.0069705855118985215
406,-7.242174336785554e-32,,,,,,,,
406,,0.0,,,,,,,
406,,,-1.4144871751534285e-34,,,,,,
406,,,,0.0,,,,,
406,,,,,0.0,,,,
406,,,,,,1.4144871751534285e-34,,,
406,,,,,,,0.0,,
406,,,,,,,,-1.4144871751534285e-34,
406,,,,,,,,,1.4144871751534285e-34
407,-0.00014939426275800867,,,,,,,,
407,,-0.007536940556148393,,,,,,,
407,,,-0.008933776912937043,,,,,,
407,,,,-0.006117695059946018,,,,,
407,,,,,-0.006125164773083924,,,,
407,,,,,,-0.008448245558973074,,,
407,,,,,,,-0.007066348628460237,,
407,,,,,,,,-0.006588286987634173,
407,,,,,,,,,-0.00374232628209152
419,0.0,,,,,,,,
419,,0.0,,,,,,,
419,,,0.0,,,,,,
419,,,,0.0,,,,,
419,,,,,0.0,,,,
419,,,,,,0.0,,,
419,,,,,,,0.0,,
419,,,,,,,,0.0,
419,,,,,,,,,0.0
420,-0.0015556035680116282,,,,,,,,
420,,-0.7257631408376802,,,,,,,
420,,,-0.7253334979474677,,,,,,
420,,,,-0.7262224142720455,,,,,
420,,,,,-0.7290669465106949,,,,
420,,,,,,-0.7281558072780026,,,
420,,,,,,,-0.7285706348961388,,
420,,,,,,,,-0.7279706163770489,
420,,,,,,,,,-0.7266076113460292
421,7.242174336785554e-32,,,,,,,,
421,,0.0,,,,,,,
421,,,0.0,,,,,,
421,,,,0.0,,,,,
421,,,,,0.0,,,,
421,,,,,,0.0,,,
421,,,,,,,0.0,,
421,,,,,,,,0.0,
421,,,,,,,,,0.0
422,0.0010370690453416472,,,,,,,,
422,,0.7215481959319734,,,,,,,
422,,,0.7230000925954506,,,,,,
422,,,,0.7234223278496248,,,,,
422,,,,,0.7243927281706226,,,,
422,,,,,,0.7234964042100066,,,
422,,,,,,,0.7238964165560666,,
422,,,,,,,,0.722829716966573,
422,,,,,,,,,0.7238149325596471
423,0.0,,,,,,,,
423,,-1.4144871751534285e-34,,,,,,,
423,,,0.0,,,,,,
423,,,,-2.828974350306857e-34,,,,,
423,,,,,-2.828974350306857e-34,,,,
423,,,,,,1.4144871751534285e-34,,,
423,,,,,,,-1.4144871751534285e-34,,
423,,,,,,,,1.4144871751534285e-34,
423,,,,,,,,,-1.4144871751534285e-34
424,-7.242174336785554e-32,,,,,,,,
424,,2.828974350306857e-34,,,,,,,
424,,,-1.4144871751534285e-34,,,,,,
424,,,,-1.4144871751534285e-34,,,,,
424,,,,,-2.828974350306857e-34,,,,
424,,,,,,1.4144871751534285e-34,,,
424,,,,,,,0.0,,
424,,,,,,,,-1.4144871751534285e-34,
424,,,,,,,,,0.0
425,0.0006666872434336751,,,,,,,,
425,,-0.7206148337911664,,,,,,,
425,,,-0.7206666872434334,,,,,,
425,,,,-0.72108151486157,,,,,
425,,,,,-0.7243927281706227,,,,
425,,,,,,-0.7234964042100064,,,
425,,,,,,,-0.7220296922744531,,
425,,,,,,,,-0.7209629926849593,
425,,,,,,,,,-0.721488934843668
426,3.621087168392777e-32,,,,,,,,
426,,0.0,,,,,,,
426,,,0.0,,,,,,
426,,,,0.0,,,,,
426,,,,,0.0,,,,
426,,,,,,0.0,,,
426,,,,,,,0.0,,
426,,,,,,,,0.0,
426,,,,,,,,,0.0
427,-0.0008963655765489012,,,,,,,,
427,,0.7233520808486599,,,,,,,
427,,,0.7243530224091396,,,,,,
427,,,,0.7247638566317246,,,,,
427,,,,,0.7266985123344422,,,,
427,,,,,,0.7276845144686459,,,
427,,,,,,,0.7271392254095789,,
427,,,,,,,,0.7274753625007845,
427,,,,,,,,,0.7270719979913379
439,0.0,,,,,,,,
439,,0.0,,,,,,,
439,,,0.0,,,,,,
439,,,,0.0,,,,,
439,,,,,0.0,,,,
439,,,,,,0.0,,,
439,,,,,,,0.0,,
439,,,,,,,,0.0,
439,,,,,,,,,0.0
440,0.0010370690453408047,,,,,,,,
440,,-0.7126664403222323,,,,,,,
440,,,-0.7131997901169792,,,,,,
440,,,,-0.001407450847248372,,,,,
440,,,,,-0.0023408129880551896,,,,
440,,,,,,-0.7165110034260318,,,
440,,,,,,,-0.7173554739343807,,
440,,,,,,,,-0.7158220932744838,
440,,,,,,,,,-0.7149776227661349
441,0.0,,,,,,,,
441,,0.0,,,,,,,
441,,,0.0,,,,,,
441,,,,1.4144871751534285e-34,,,,,
441,,,,,-2.828974350306857e-34,,,,
441,,,,,,0.0,,,
441,,,,,,,0.0,,
441,,,,,,,,0.0,
441,,,,,,,,,0.0
442,0.00014815272076285177,,,,,,,,
442,,0.7098589462637737,,,,,,,
442,,,0.7113330658353654,,,,,,
442,,,,1.4144871751534285e-34,,,,,
442,,,,,-0.0009333621408068145,,,,
442,,,,,,0.7132516435692462,,,
442,,,,,,,0.7131479366647119,,
442,,,,,,,,0.7120812370752186,
442,,,,,,,,,0.7121923516157908
443,-7.242174336785554e-32,,,,,,,,
443,,0.0,,,,,,,
443,,,0.0,,,,,,
443,,,,1.4144871751534285e-34,,,,,
443,,,,,-2.828974350306857e-34,,,,
443,,,,,,2.828974350306857e-34,,,
443,,,,,,,-2.828974350306857e-34,,
443,,,,,,,,-1.4144871751534285e-34,
443,,,,,,,,,-1.4144871751534285e-34
444,-3.621087168392777e-32,,,,,,,,
444,,-2.828974350306857e-34,,,,,,,
444,,,1.4144871751534285e-34,,,,,,
444,,,,-2.828974350306857e-34,,,,,
444,,,,,1.4144871751534285e-34,,,,
444,,,,,,-1.4144871751534285e-34,,,
444,,,,,,,1.4144871751534285e-34,,
444,,,,,,,,-1.4144871751534285e-34,
444,,,,,,,,,-1.4144871751534285e-34
445,0.0010370690453408047,,,,,,,,
445,,-0.002807494058458599,,,,,,,
445,,,-0.0032667674928238515,,,,,,
445,,,,-0.002340812988055186,,,,,
445,,,,,-0.0018667242816136319,,,,
445,,,,,,-0.0018667242816136286,,,
445,,,,,,,-0.0018667242816136314,,
445,,,,,,,,-0.0023334053520170372,
445,,,,,,,,,-0.0013926355751720714
446,0.0,,,,,,,,
446,,0.0,,,,,,,
446,,,-5.657948700613714e-34,,,,,,
446,,,,0.0,,,,,
446,,,,,-2.828974350306857e-34,,,,
446,,,,,,2.828974350306857e-34,,,
446,,,,,,,0.0,,
446,,,,,,,,-1.4144871751534285e-34,
446,,,,,,,,,2.828974350306857e-34
447,0.00022409139413701295,,,,,,,,
447,,0.000941183855376313,,,,,,,
447,,,0.0009411838553763064,,,,,,
447,,,,0.00047059192768815315,,,,,
447,,,,,8.558143234211776e-34,,,,
447,,,,,,-8.558143234211776e-34,,,
447,,,,,,,-0.0004705919276881565,,
447,,,,,,,,0.0009411838553763097,
447,,,,,,,,,0.0014043060699265566
459,0.0,,,,,,,,
459,,0.0,,,,,,,
459,,,0.0,,,,,,
459,,,,0.0,,,,,
459,,,,,0.0,,,,
459,,,,,,0.0,,,
459,,,,,,,0.0,,
459,,,,,,,,0.0,
459,,,,,,,,,0.0
460,-7.40763603814259e-05,,,,,,,,
460,,0.0004666810704034056,,,,,,,
460,,,-0.0009333621408068179,,,,,,
460,,,,0.0,,,,,
460,,,,,-0.0004666810704034056,,,,
460,,,,,,0.0,,,
460,,,,,,,-0.0004666810704034055,,
460,,,,,,,,-2.828974350306857e-34,
460,,,,,,,,,0.0
461,0.0,,,,,,,,
461,,0.0,,,,,,,
461,,,0.0,,,,,,
461,,,,0.0,,,,,
461,,,,,1.4144871751534285e-34,,,,
461,,,,,,0.0,,,
461,,,,,,,-5.657948700613714e-34,,
461,,,,,,,,-2.828974350306857e-34,
461,,,,,,,,,0.0
462,0.0,,,,,,,,
462,,-0.0009333621408068112,,,,,,,
462,,,0.0009333621408068177,,,,,,
462,,,,0.0009407697768449695,,,,,
462,,,,,0.0004666810704034055,,,,
462,,,,,,0.0,,,
462,,,,,,,-5.657948700613714e-34,,
462,,,,,,,,-0.0009333621408068176,
462,,,,,,,,,-0.0004666810704034121
463,0.0,,,,,,,,
463,,2.828974350306857e-34,,,,,,,
463,,,-2.828974350306857e-34,,,,,,
463,,,,2.828974350306857e-34,,,,,
463,,,,,2.828974350306857e-34,,,,
463,,,,,,0.0,,,
463,,,,,,,-5.657948700613714e-34,,
463,,,,,,,,-2.828974350306857e-34,
463,,,,,,,,,0.0
464,0.0,,,,,,,,
464,,-2.828974350306857e-34,,,,,,,
464,,,0.0,,,,,,
464,,,,-2.828974350306857e-34,,,,,
464,,,,,2.828974350306857e-34,,,,
464,,,,,,0.0,,,
464,,,,,,,0.0,,
464,,,,,,,,-2.828974350306857e-34,
464,,,,,,,,,2.828974350306857e-34
465,7.407636038142589e-05,,,,,,,,
465,,0.0018741319176517803,,,,,,,
465,,,0.0009333621408068177,,,,,,
465,,,,0.0004666810704034056,,,,,
465,,,,,-0.00046668107040340884,,,,
465,,,,,,-0.0009333621408068112,,,
465,,,,,,,0.0,,
465,,,,,,,,0.0009333621408068177,
465,,,,,,,,,0.0009333621408068112
466,0.0,,,,,,,,
466,,-2.828974350306857e-34,,,,,,,
466,,,-2.828974350306857e-34,,,,,,
466,,,,0.0,,,,,
466,,,,,2.828974350306857e-34,,,,
466,,,,,,2.828974350306857e-34,,,
466,,,,,,,0.0,,
466,,,,,,,,-2.828974350306857e-34,
466,,,,,,,,,0.0
467,0.000677923545289299,,,,,,,,
467,,-0.00047454648170233937,,,,,,,
467,,,0.00047454648170233937,,,,,,
467,,,,-0.00047454648170233937,,,,,
467,,,,,-0.00047454648170233937,,,,
467,,,,,,0.00047454648170233937,,,
467,,,,,,,0.0004745464817023461,,
467,,,,,,,,0.0014236394451070215,
467,,,,,,,,,0.0004745464817023461
